album_id,date,has_tags,id,owner_id,post_id,sizes,square_crop,text
-6,1653053399,False,457246552,244031196,,"[{'height': 75, 'url': 'https://sun9-81.userapi.com/impg/T1QxiqLYydIpsMwfxu6nwD88KQMrzdsDyENlOg/3UlP-f8AsU8.jpg?size=75x75&quality=95&sign=8517d6021556d1f89d187f0ed023f31e&c_uniq_tag=8jAqw6CWxiJnRFrnMiXOmvGi36o0JLvtnYST5fIcs1s&type=album', 'type': 's', 'width': 75}, {'height': 130, 'url': 'https://sun9-81.userapi.com/impg/T1QxiqLYydIpsMwfxu6nwD88KQMrzdsDyENlOg/3UlP-f8AsU8.jpg?size=130x130&quality=95&sign=77cc83eedfe8e6782e976335a65661e4&c_uniq_tag=yUjzTXNFHJ2TWKhErd-VEWbecEnYXH1KA825jUFbC3w&type=album', 'type': 'm', 'width': 130}, {'height': 604, 'url': 'https://sun9-81.userapi.com/impg/T1QxiqLYydIpsMwfxu6nwD88KQMrzdsDyENlOg/3UlP-f8AsU8.jpg?size=604x604&quality=95&sign=124adf818141e5d66ec54a49bf59a720&c_uniq_tag=Srm8oDkTNumNEkHqITssA_sdx7NUvjyChKEKALyxyj4&type=album', 'type': 'x', 'width': 604}, {'height': 807, 'url': 'https://sun9-81.userapi.com/impg/T1QxiqLYydIpsMwfxu6nwD88KQMrzdsDyENlOg/3UlP-f8AsU8.jpg?size=807x807&quality=95&sign=cfd8163af4bc1a3aa7c486284ecd9a2e&c_uniq_tag=CCnmfLWfiiKNi5l_Zgtu6fHjepjFp88BEEas6R5ONWQ&type=album', 'type': 'y', 'width': 807}, {'height': 1080, 'url': 'https://sun9-81.userapi.com/impg/T1QxiqLYydIpsMwfxu6nwD88KQMrzdsDyENlOg/3UlP-f8AsU8.jpg?size=1080x1080&quality=95&sign=cf5e51e0795462cdcdab33b65982a662&c_uniq_tag=MXcAP7FaIVV1rR2cIBRSNnFc-YkGg1C-I2vGdFD8GGs&type=album', 'type': 'z', 'width': 1080}, {'height': 130, 'url': 'https://sun9-81.userapi.com/impg/T1QxiqLYydIpsMwfxu6nwD88KQMrzdsDyENlOg/3UlP-f8AsU8.jpg?size=130x130&quality=95&sign=77cc83eedfe8e6782e976335a65661e4&c_uniq_tag=yUjzTXNFHJ2TWKhErd-VEWbecEnYXH1KA825jUFbC3w&type=album', 'type': 'o', 'width': 130}, {'height': 200, 'url': 'https://sun9-81.userapi.com/impg/T1QxiqLYydIpsMwfxu6nwD88KQMrzdsDyENlOg/3UlP-f8AsU8.jpg?size=200x200&quality=95&sign=18b2710f8eb2d7e0b335249012b4b0a1&c_uniq_tag=Y-G_TCEaJQTg7cM_o2twi35HlDMla5hnQauyRYql3Mc&type=album', 'type': 'p', 'width': 200}, {'height': 320, 'url': 'https://sun9-81.userapi.com/impg/T1QxiqLYydIpsMwfxu6nwD88KQMrzdsDyENlOg/3UlP-f8AsU8.jpg?size=320x320&quality=95&sign=e9746b3385d6146fea5621c30e97066d&c_uniq_tag=QTRVqHfi5PrypIYuYj6zkENmUoVqVrUFUBu71Y74LR4&type=album', 'type': 'q', 'width': 320}, {'height': 510, 'url': 'https://sun9-81.userapi.com/impg/T1QxiqLYydIpsMwfxu6nwD88KQMrzdsDyENlOg/3UlP-f8AsU8.jpg?size=510x510&quality=95&sign=92821bafc1b465662e4afaa8b35f795c&c_uniq_tag=4G1topW04c0g4vphQk907yd2G3_1bjgs1cD73wLp3vs&type=album', 'type': 'r', 'width': 510}]","386,0,547",
-7,1647025335,False,457246107,244031196,1617,"[{'height': 75, 'url': 'https://sun9-52.userapi.com/impg/Qi7Z3usdzJ-Kdu7AT_vduvHwz9N8Dz0P_InbSw/qc0Ngw8KEGc.jpg?size=42x75&quality=95&sign=cce93d50ee4965523069393a6fa6cd2e&c_uniq_tag=tT_QSRlN8ECPU2wpcaJgqvNInH3zSB9ZFQkzuAXg1f8&type=album', 'type': 's', 'width': 42}, {'height': 130, 'url': 'https://sun9-52.userapi.com/impg/Qi7Z3usdzJ-Kdu7AT_vduvHwz9N8Dz0P_InbSw/qc0Ngw8KEGc.jpg?size=73x130&quality=95&sign=932d12128ffb390e58f71fb1ba20611c&c_uniq_tag=JPcsBf_ZU8Vs5KKNqcvjDiXd7eIIvldsAbju_CcULlA&type=album', 'type': 'm', 'width': 73}, {'height': 604, 'url': 'https://sun9-52.userapi.com/impg/Qi7Z3usdzJ-Kdu7AT_vduvHwz9N8Dz0P_InbSw/qc0Ngw8KEGc.jpg?size=340x604&quality=95&sign=c410034fed7e48c413fb96b5e4e6646e&c_uniq_tag=30Y7E834R5jDvDzaCCXzvs-otjQDR-99_dN8w0ExhwU&type=album', 'type': 'x', 'width': 340}, {'height': 807, 'url': 'https://sun9-52.userapi.com/impg/Qi7Z3usdzJ-Kdu7AT_vduvHwz9N8Dz0P_InbSw/qc0Ngw8KEGc.jpg?size=454x807&quality=95&sign=af6eb20495a5354088d1eca93467ac4f&c_uniq_tag=391DCEk8wL8l6bICsp8SmQ5uzpCWMzSHhPJ1azVLxRM&type=album', 'type': 'y', 'width': 454}, {'height': 1080, 'url': 'https://sun9-52.userapi.com/impg/Qi7Z3usdzJ-Kdu7AT_vduvHwz9N8Dz0P_InbSw/qc0Ngw8KEGc.jpg?size=607x1080&quality=95&sign=67520fc201b647a31b325037e78ac98f&c_uniq_tag=3CGK7L6QD5iiDB73Qetb4nXIV0SzvI6u-cLP6w8Y3aA&type=album', 'type': 'z', 'width': 607}, {'height': 1600, 'url': 'https://sun9-52.userapi.com/impg/Qi7Z3usdzJ-Kdu7AT_vduvHwz9N8Dz0P_InbSw/qc0Ngw8KEGc.jpg?size=900x1600&quality=95&sign=8c06e04babaa00714c27813bcaa945f4&c_uniq_tag=Qfm7nES09Nny-o9dS_2gFK2GI36-Q_x4nlKEfgXD08w&type=album', 'type': 'w', 'width': 900}, {'height': 231, 'url': 'https://sun9-52.userapi.com/impg/Qi7Z3usdzJ-Kdu7AT_vduvHwz9N8Dz0P_InbSw/qc0Ngw8KEGc.jpg?size=130x231&quality=95&sign=42bec494ea9f1b0ecf48ee3d7ae63caa&c_uniq_tag=x-mNpyCyeznq65PosslLIk2RSNyZ8x8iM-I7PP2xktU&type=album', 'type': 'o', 'width': 130}, {'height': 356, 'url': 'https://sun9-52.userapi.com/impg/Qi7Z3usdzJ-Kdu7AT_vduvHwz9N8Dz0P_InbSw/qc0Ngw8KEGc.jpg?size=200x356&quality=95&sign=fc8f5d0d946203270e0719109a14b210&c_uniq_tag=VjAVrGhCW2lt7IdTssp-cQpL2YKiJkiBrlDtUdnV0dc&type=album', 'type': 'p', 'width': 200}, {'height': 569, 'url': 'https://sun9-52.userapi.com/impg/Qi7Z3usdzJ-Kdu7AT_vduvHwz9N8Dz0P_InbSw/qc0Ngw8KEGc.jpg?size=320x569&quality=95&sign=5bc1702b9b9f5efbd6bd19d13744d658&c_uniq_tag=7LWLepYiVZR_pI7c7-ncuW77pDVG2gHGN-CbQ8hKn9k&type=album', 'type': 'q', 'width': 320}, {'height': 900, 'url': 'https://sun9-52.userapi.com/impg/Qi7Z3usdzJ-Kdu7AT_vduvHwz9N8Dz0P_InbSw/qc0Ngw8KEGc.jpg?size=510x900&quality=95&crop=0,0,900,1588&sign=d91e242c208a006b7138d79d84050f11&c_uniq_tag=vKF4VhOJnh4-E1AW5_6Nw1_d0fdZFu8Z-vXr-hBUmJM&type=album', 'type': 'r', 'width': 510}]",,
-7,1648826768,False,457246359,244031196,,"[{'height': 69, 'url': 'https://sun9-77.userapi.com/impg/RLE_T_-yTrRUfKeaou7vfL6USOnEKYKbbOhJXA/MrwFDTVu6jM.jpg?size=75x69&quality=95&sign=0d979816220373f7b67607f3a22ddf38&c_uniq_tag=arRpQQcqjAlWHrbjzDyJGV4z3_OZla8FhlYfwgJ-LYQ&type=album', 'type': 's', 'width': 75}, {'height': 119, 'url': 'https://sun9-77.userapi.com/impg/RLE_T_-yTrRUfKeaou7vfL6USOnEKYKbbOhJXA/MrwFDTVu6jM.jpg?size=130x119&quality=95&sign=8c98fd12eff48147bbdc5b1fa1a77a1e&c_uniq_tag=b-ojLP0B6oZ-eN48Rt1NDQMHHLBbQoviLaXtPHrnLuY&type=album', 'type': 'm', 'width': 130}, {'height': 554, 'url': 'https://sun9-77.userapi.com/impg/RLE_T_-yTrRUfKeaou7vfL6USOnEKYKbbOhJXA/MrwFDTVu6jM.jpg?size=604x554&quality=95&sign=a5dd429c1da44f09dc6cc48caef0fe39&c_uniq_tag=tKhZSv5CNbh3JJxl4f9WkXMIMEbAc1QhVVVfsQn8Etw&type=album', 'type': 'x', 'width': 604}, {'height': 740, 'url': 'https://sun9-77.userapi.com/impg/RLE_T_-yTrRUfKeaou7vfL6USOnEKYKbbOhJXA/MrwFDTVu6jM.jpg?size=807x740&quality=95&sign=71cb78b12f4511ba5995d2a1784277c4&c_uniq_tag=-eO3UTqBeC6-KFWbKtbcMqvTjd04PuYsNW-MuH7ITw0&type=album', 'type': 'y', 'width': 807}, {'height': 1174, 'url': 'https://sun9-77.userapi.com/impg/RLE_T_-yTrRUfKeaou7vfL6USOnEKYKbbOhJXA/MrwFDTVu6jM.jpg?size=1280x1174&quality=95&sign=ec66b8574afaf7a5fe5ec979bc588161&c_uniq_tag=_lUchuoW5U_GeO-ILYc1A0nMANz13Ks0rg-QHhJXTDA&type=album', 'type': 'z', 'width': 1280}, {'height': 1467, 'url': 'https://sun9-77.userapi.com/impg/RLE_T_-yTrRUfKeaou7vfL6USOnEKYKbbOhJXA/MrwFDTVu6jM.jpg?size=1600x1467&quality=95&sign=d6ccd59347ea278a71d4fd9e73c7874f&c_uniq_tag=co3M9WDUVFTym_vqf0VNiMno_I4MSoMBfyVFzWD8Uek&type=album', 'type': 'w', 'width': 1600}, {'height': 119, 'url': 'https://sun9-77.userapi.com/impg/RLE_T_-yTrRUfKeaou7vfL6USOnEKYKbbOhJXA/MrwFDTVu6jM.jpg?size=130x119&quality=95&sign=8c98fd12eff48147bbdc5b1fa1a77a1e&c_uniq_tag=b-ojLP0B6oZ-eN48Rt1NDQMHHLBbQoviLaXtPHrnLuY&type=album', 'type': 'o', 'width': 130}, {'height': 183, 'url': 'https://sun9-77.userapi.com/impg/RLE_T_-yTrRUfKeaou7vfL6USOnEKYKbbOhJXA/MrwFDTVu6jM.jpg?size=200x183&quality=95&sign=2a21dfed3c03fe603d8e46b9fb00f3f3&c_uniq_tag=e6mrxTP0g4Pi_wO6XLxgRNrPNncw2VmL7dy70vqGRVY&type=album', 'type': 'p', 'width': 200}, {'height': 293, 'url': 'https://sun9-77.userapi.com/impg/RLE_T_-yTrRUfKeaou7vfL6USOnEKYKbbOhJXA/MrwFDTVu6jM.jpg?size=320x293&quality=95&sign=67f5d456ffa6491d21b0ee6700dc8770&c_uniq_tag=wGSAWjhSWA8E6JejQ9qrsIwH_3h_E9hdVtqdlyRlvO8&type=album', 'type': 'q', 'width': 320}, {'height': 468, 'url': 'https://sun9-77.userapi.com/impg/RLE_T_-yTrRUfKeaou7vfL6USOnEKYKbbOhJXA/MrwFDTVu6jM.jpg?size=510x468&quality=95&sign=3bf55293c7aacec43cf1b54c56d19879&c_uniq_tag=_ZCfXvzUaSHV7dXvR8a3ut0sVkWiZ44c91WRuAnyxgM&type=album', 'type': 'r', 'width': 510}]",,
-7,1648826770,False,457246360,244031196,,"[{'height': 75, 'url': 'https://sun9-88.userapi.com/impg/xfvJOAeUCzpHnc5yYXiLjAHrb1qSIqM8gEA_pg/mKuLOAnBhj4.jpg?size=56x75&quality=95&sign=65f403ce299ea05ce3328e5b3d627145&c_uniq_tag=UTDlsEfuFhEDvAdn9oIvknIS0yyUxAIXyGPsBbJSx-E&type=album', 'type': 's', 'width': 56}, {'height': 130, 'url': 'https://sun9-88.userapi.com/impg/xfvJOAeUCzpHnc5yYXiLjAHrb1qSIqM8gEA_pg/mKuLOAnBhj4.jpg?size=97x130&quality=95&sign=cd38797fb6e7d317f3660ebb0e850eb8&c_uniq_tag=kprUonStbM5ItyZR6Y8R1F37RwiYGEWbZ87qSUmUp0c&type=album', 'type': 'm', 'width': 97}, {'height': 604, 'url': 'https://sun9-88.userapi.com/impg/xfvJOAeUCzpHnc5yYXiLjAHrb1qSIqM8gEA_pg/mKuLOAnBhj4.jpg?size=453x604&quality=95&sign=2b971a4844afd2ec36aa44aa73f4dccc&c_uniq_tag=mmNyGTFceZ_A2fSJTVIDeNjJK8MPFhOwtKThEDR_zrs&type=album', 'type': 'x', 'width': 453}, {'height': 807, 'url': 'https://sun9-88.userapi.com/impg/xfvJOAeUCzpHnc5yYXiLjAHrb1qSIqM8gEA_pg/mKuLOAnBhj4.jpg?size=605x807&quality=95&sign=83d3188a4883161c2e53359901c23571&c_uniq_tag=XqKcAv1FkTFH-gIWjd1KAhb7hjh-STT9P64dcKFZDC4&type=album', 'type': 'y', 'width': 605}, {'height': 1080, 'url': 'https://sun9-88.userapi.com/impg/xfvJOAeUCzpHnc5yYXiLjAHrb1qSIqM8gEA_pg/mKuLOAnBhj4.jpg?size=810x1080&quality=95&sign=33291f195255ef8736eb5713b15ef8b2&c_uniq_tag=QU_-GwsELtNQvZVVqeExY1BFAnOXn-xF-qVY9FT1sPY&type=album', 'type': 'z', 'width': 810}, {'height': 1600, 'url': 'https://sun9-88.userapi.com/impg/xfvJOAeUCzpHnc5yYXiLjAHrb1qSIqM8gEA_pg/mKuLOAnBhj4.jpg?size=1200x1600&quality=95&sign=75059d4cbf95b989fba2087a6692d844&c_uniq_tag=WK-BWzTXykWU0Bas-bjMV10amX5R6SlHEQgZ3pFQG1g&type=album', 'type': 'w', 'width': 1200}, {'height': 173, 'url': 'https://sun9-88.userapi.com/impg/xfvJOAeUCzpHnc5yYXiLjAHrb1qSIqM8gEA_pg/mKuLOAnBhj4.jpg?size=130x173&quality=95&sign=584a08c0ef1a2a0f271ba7bfd9e5c041&c_uniq_tag=6Q0ARKASPbKPtzgB9buxKCeaIXxjk-w7rFntNOu2dlE&type=album', 'type': 'o', 'width': 130}, {'height': 267, 'url': 'https://sun9-88.userapi.com/impg/xfvJOAeUCzpHnc5yYXiLjAHrb1qSIqM8gEA_pg/mKuLOAnBhj4.jpg?size=200x267&quality=95&sign=3645f140a281b6c9a9b450ba93dace2d&c_uniq_tag=oJHn9zbeHAjqBtArDulw5fA203DAOLQyVdMOTw6LuLg&type=album', 'type': 'p', 'width': 200}, {'height': 427, 'url': 'https://sun9-88.userapi.com/impg/xfvJOAeUCzpHnc5yYXiLjAHrb1qSIqM8gEA_pg/mKuLOAnBhj4.jpg?size=320x427&quality=95&sign=5c47d2bf411a2cf8f4bca911ae402efd&c_uniq_tag=UKW31KX-C7B3qi-n9NBv7WwOtZLT4Ee4FfbQVHtXw98&type=album', 'type': 'q', 'width': 320}, {'height': 680, 'url': 'https://sun9-88.userapi.com/impg/xfvJOAeUCzpHnc5yYXiLjAHrb1qSIqM8gEA_pg/mKuLOAnBhj4.jpg?size=510x680&quality=95&sign=dfc518af2427e3efe9481bf2d4217619&c_uniq_tag=fcsplnEcQBgiBhjmBKgQAhkq7uD1YmYkCq_KLnruVHo&type=album', 'type': 'r', 'width': 510}]",,
-7,1648826771,False,457246361,244031196,,"[{'height': 56, 'url': 'https://sun9-88.userapi.com/impg/n2_cNt9wUOO3aEGuCWB2QU2TJMi2eMO_eGT6Lw/QJTy2PD939k.jpg?size=75x56&quality=95&sign=452d77bd377d0628633055966aec7588&c_uniq_tag=3kM6ipBFQpbY2skwH0OqTuwa9bZ3xRv5K19dof1WPaI&type=album', 'type': 's', 'width': 75}, {'height': 97, 'url': 'https://sun9-88.userapi.com/impg/n2_cNt9wUOO3aEGuCWB2QU2TJMi2eMO_eGT6Lw/QJTy2PD939k.jpg?size=130x97&quality=95&sign=e4721d01a807105718c43485b470b7fb&c_uniq_tag=O3HmbKHkFpXwCm1EoMCTLT1izD_CguKE6pAE7vAHP-Q&type=album', 'type': 'm', 'width': 130}, {'height': 453, 'url': 'https://sun9-88.userapi.com/impg/n2_cNt9wUOO3aEGuCWB2QU2TJMi2eMO_eGT6Lw/QJTy2PD939k.jpg?size=604x453&quality=95&sign=f454550dce1d79caaf190cc2182e0a3b&c_uniq_tag=DG-ak25ztRwn6S4H_dG57NtjX9V05ywOVOX8C1h4qjE&type=album', 'type': 'x', 'width': 604}, {'height': 605, 'url': 'https://sun9-88.userapi.com/impg/n2_cNt9wUOO3aEGuCWB2QU2TJMi2eMO_eGT6Lw/QJTy2PD939k.jpg?size=807x605&quality=95&sign=d515212a7fba2dc9abe739572e7b5da2&c_uniq_tag=2yfNqPjLPSPAYkvZHpkdM5eBmdV-jJAyap6iHY2iMo8&type=album', 'type': 'y', 'width': 807}, {'height': 960, 'url': 'https://sun9-88.userapi.com/impg/n2_cNt9wUOO3aEGuCWB2QU2TJMi2eMO_eGT6Lw/QJTy2PD939k.jpg?size=1280x960&quality=95&sign=24f6ffb1e054d0fe707808916ecf5230&c_uniq_tag=DsBLaTjCTRl6WBy17JbuUnEAR_5anok9c7dPy856PyU&type=album', 'type': 'z', 'width': 1280}, {'height': 1200, 'url': 'https://sun9-88.userapi.com/impg/n2_cNt9wUOO3aEGuCWB2QU2TJMi2eMO_eGT6Lw/QJTy2PD939k.jpg?size=1600x1200&quality=95&sign=49f446c98fbaf6d5cc2a4715f4921f05&c_uniq_tag=ASRdjx3gM7SK_fcRFLG7KAXUEaO2QGoM8SGNp-DhWZY&type=album', 'type': 'w', 'width': 1600}, {'height': 97, 'url': 'https://sun9-88.userapi.com/impg/n2_cNt9wUOO3aEGuCWB2QU2TJMi2eMO_eGT6Lw/QJTy2PD939k.jpg?size=130x97&quality=95&sign=e4721d01a807105718c43485b470b7fb&c_uniq_tag=O3HmbKHkFpXwCm1EoMCTLT1izD_CguKE6pAE7vAHP-Q&type=album', 'type': 'o', 'width': 130}, {'height': 150, 'url': 'https://sun9-88.userapi.com/impg/n2_cNt9wUOO3aEGuCWB2QU2TJMi2eMO_eGT6Lw/QJTy2PD939k.jpg?size=200x150&quality=95&sign=31781381343fa6b72852e28849db445c&c_uniq_tag=ApyliJOtrNS6NfBHVT_8290om9vkhnWp2JMT-HwsJGY&type=album', 'type': 'p', 'width': 200}, {'height': 240, 'url': 'https://sun9-88.userapi.com/impg/n2_cNt9wUOO3aEGuCWB2QU2TJMi2eMO_eGT6Lw/QJTy2PD939k.jpg?size=320x240&quality=95&sign=b2b3d27727e63078dcaa89dad2034fdf&c_uniq_tag=ssZB_OOhlDiq2cKniJGuMbPd3owqejJoj_Gfp9_28ys&type=album', 'type': 'q', 'width': 320}, {'height': 382, 'url': 'https://sun9-88.userapi.com/impg/n2_cNt9wUOO3aEGuCWB2QU2TJMi2eMO_eGT6Lw/QJTy2PD939k.jpg?size=510x382&quality=95&sign=c6ab669e6f9a5ceeca59f828276f2862&c_uniq_tag=-hy_eM77kuwqVQ_sVlx2K5pwRsIswzwtWtlLpNlg8zU&type=album', 'type': 'r', 'width': 510}]",,
-7,1657005880,False,457246739,244031196,,"[{'height': 71, 'url': 'https://sun9-57.userapi.com/impg/AHYChO6sl0uBBygdtl9hMlRBAzfSCzz2J585lA/2ML5RXOpv4s.jpg?size=75x71&quality=95&sign=b785f0d72652afef1ffffef0673bc2db&c_uniq_tag=KTuZwQpmerA7ciiPWAnHTifUKjTdD2nxwtwODIaE0bQ&type=album', 'type': 's', 'width': 75}, {'height': 123, 'url': 'https://sun9-57.userapi.com/impg/AHYChO6sl0uBBygdtl9hMlRBAzfSCzz2J585lA/2ML5RXOpv4s.jpg?size=130x123&quality=95&sign=626ee55568212d7dec7cab1853c0c1ff&c_uniq_tag=rc37aWYLdM-Uwys1oMspikOTLq9BDaKuTqGqmFem5tU&type=album', 'type': 'm', 'width': 130}, {'height': 573, 'url': 'https://sun9-57.userapi.com/impg/AHYChO6sl0uBBygdtl9hMlRBAzfSCzz2J585lA/2ML5RXOpv4s.jpg?size=604x573&quality=95&sign=244c3d003d468745e314b2513ed567f9&c_uniq_tag=3qWL1RdVU90k-hlx2kqfysK5HdDNMpHh_2xXTDJOmdY&type=album', 'type': 'x', 'width': 604}, {'height': 765, 'url': 'https://sun9-57.userapi.com/impg/AHYChO6sl0uBBygdtl9hMlRBAzfSCzz2J585lA/2ML5RXOpv4s.jpg?size=807x765&quality=95&sign=6c7cc8a85434a2609851af241f92a3bb&c_uniq_tag=n95YZ9T8cg0kNtT0gu_wAbJh-isa2cvkB34bq4IYmjo&type=album', 'type': 'y', 'width': 807}, {'height': 1024, 'url': 'https://sun9-57.userapi.com/impg/AHYChO6sl0uBBygdtl9hMlRBAzfSCzz2J585lA/2ML5RXOpv4s.jpg?size=1080x1024&quality=95&sign=7ded6b422a3d2b54fff9b1caf855e530&c_uniq_tag=LRYElN5qc0ZbBWy71HIJ0Iq1lgKIvwirp2AuTMevWto&type=album', 'type': 'z', 'width': 1080}, {'height': 123, 'url': 'https://sun9-57.userapi.com/impg/AHYChO6sl0uBBygdtl9hMlRBAzfSCzz2J585lA/2ML5RXOpv4s.jpg?size=130x123&quality=95&sign=626ee55568212d7dec7cab1853c0c1ff&c_uniq_tag=rc37aWYLdM-Uwys1oMspikOTLq9BDaKuTqGqmFem5tU&type=album', 'type': 'o', 'width': 130}, {'height': 190, 'url': 'https://sun9-57.userapi.com/impg/AHYChO6sl0uBBygdtl9hMlRBAzfSCzz2J585lA/2ML5RXOpv4s.jpg?size=200x190&quality=95&sign=3b03870b97ac2c18684e3e6d395f2bcb&c_uniq_tag=JIF02vlbhRIcAps3-IHpoGYyr3qlt-x706jHA4bFzLw&type=album', 'type': 'p', 'width': 200}, {'height': 303, 'url': 'https://sun9-57.userapi.com/impg/AHYChO6sl0uBBygdtl9hMlRBAzfSCzz2J585lA/2ML5RXOpv4s.jpg?size=320x303&quality=95&sign=fcbbb3b653ac66b251606d2013495d85&c_uniq_tag=EpFI2iUyTvJeyNuc0oS6iiIjEMAVzn6zryGgyW0mmzI&type=album', 'type': 'q', 'width': 320}, {'height': 484, 'url': 'https://sun9-57.userapi.com/impg/AHYChO6sl0uBBygdtl9hMlRBAzfSCzz2J585lA/2ML5RXOpv4s.jpg?size=510x484&quality=95&sign=27fad99bdb476f71690a509297e09f92&c_uniq_tag=yJjZQpkRRHCZRFA87EfIBSOd9lukfGUI7GdDw6HWw50&type=album', 'type': 'r', 'width': 510}]",,
-7,1657044590,False,457246744,244031196,1625,"[{'height': 75, 'url': 'https://sun9-66.userapi.com/impg/rnxgQI-4Mj5SfJ7v0zHi-2ceJ_ym_qsdJH2iEw/kW74TSZR1Dw.jpg?size=38x75&quality=95&sign=49821e7f49a086dd0168e29fe5f5e9c9&c_uniq_tag=L2lMl1LyeVc9mCWxqEOQCHHFD9rYK39ztrP2KTVu6i4&type=album', 'type': 's', 'width': 38}, {'height': 130, 'url': 'https://sun9-66.userapi.com/impg/rnxgQI-4Mj5SfJ7v0zHi-2ceJ_ym_qsdJH2iEw/kW74TSZR1Dw.jpg?size=65x130&quality=95&sign=6880f315cb3f17d80c80bb32a9034f73&c_uniq_tag=Bxr3L_9eAjJr0zd8Dt6SSTvOY17tIGVcymML79hJIZ0&type=album', 'type': 'm', 'width': 65}, {'height': 604, 'url': 'https://sun9-66.userapi.com/impg/rnxgQI-4Mj5SfJ7v0zHi-2ceJ_ym_qsdJH2iEw/kW74TSZR1Dw.jpg?size=304x604&quality=95&sign=3eecc3ec3d0c782602e4406c067fab1a&c_uniq_tag=JuWKX0Aje74i9hyPZA5SfV9RI4sgpZPx0fHgtnxDoJo&type=album', 'type': 'x', 'width': 304}, {'height': 807, 'url': 'https://sun9-66.userapi.com/impg/rnxgQI-4Mj5SfJ7v0zHi-2ceJ_ym_qsdJH2iEw/kW74TSZR1Dw.jpg?size=406x807&quality=95&sign=708005a72285a419d774a0b4bb04ac42&c_uniq_tag=vT7OnwaYmet3ry8-W4pjz_1mTFYlD4LbDcLFtK65dv8&type=album', 'type': 'y', 'width': 406}, {'height': 1080, 'url': 'https://sun9-66.userapi.com/impg/rnxgQI-4Mj5SfJ7v0zHi-2ceJ_ym_qsdJH2iEw/kW74TSZR1Dw.jpg?size=544x1080&quality=95&sign=a8061ff1cef12aa753391df550df8614&c_uniq_tag=btiftONVNOtS53XYdHKjsy70mC4xpjCEsrvsDz4iIWA&type=album', 'type': 'z', 'width': 544}, {'height': 258, 'url': 'https://sun9-66.userapi.com/impg/rnxgQI-4Mj5SfJ7v0zHi-2ceJ_ym_qsdJH2iEw/kW74TSZR1Dw.jpg?size=130x258&quality=95&sign=c497f70a238a5d3d00c3c6510164dc11&c_uniq_tag=CFRTVS28cQ1W3KTVWsdgQL2twBuOUeF5srXRGUc_rcM&type=album', 'type': 'o', 'width': 130}, {'height': 397, 'url': 'https://sun9-66.userapi.com/impg/rnxgQI-4Mj5SfJ7v0zHi-2ceJ_ym_qsdJH2iEw/kW74TSZR1Dw.jpg?size=200x397&quality=95&sign=49848e1a9d77e81a8047571f6761657a&c_uniq_tag=wPTSN48LpC7SYdNRZXmSQa7_zrZ1uFPqDGCeA4nWAZI&type=album', 'type': 'p', 'width': 200}, {'height': 635, 'url': 'https://sun9-66.userapi.com/impg/rnxgQI-4Mj5SfJ7v0zHi-2ceJ_ym_qsdJH2iEw/kW74TSZR1Dw.jpg?size=320x635&quality=95&sign=b4b5835dd76bb94776b405d752ee4c38&c_uniq_tag=_DjCDKfO1WHrfbreIHIsKT-ZfNjDTQRhxHjR_cdjpQk&type=album', 'type': 'q', 'width': 320}, {'height': 900, 'url': 'https://sun9-66.userapi.com/impg/rnxgQI-4Mj5SfJ7v0zHi-2ceJ_ym_qsdJH2iEw/kW74TSZR1Dw.jpg?size=510x900&quality=95&crop=0,0,544,960&sign=cece3953c5ec46f37ae4906eb9bc6ade&c_uniq_tag=-VY_Hx5vfGMBCcSupSCUrgd8me-DuYPW1soP1czHHFQ&type=album', 'type': 'r', 'width': 510}]",,
-7,1657474270,False,457246770,244031196,1626,"[{'height': 75, 'url': 'https://sun9-25.userapi.com/impg/Mi6nQiHiTvaxp9MpiL52fT4iICkmkedGtwO8pw/zmSNKVVFDOI.jpg?size=56x75&quality=95&sign=084b454ad54627eeefe33bc2a7d4120a&c_uniq_tag=uT5Z9R3WrQWQIcRcvsnBbf05P0amM3xt_FXzI5NnESE&type=album', 'type': 's', 'width': 56}, {'height': 130, 'url': 'https://sun9-25.userapi.com/impg/Mi6nQiHiTvaxp9MpiL52fT4iICkmkedGtwO8pw/zmSNKVVFDOI.jpg?size=97x130&quality=95&sign=8d0c903aff88d7687e2ecd68ea4cfd37&c_uniq_tag=Vnr61eebbvH57ar8Cryjm-5eKm4l2i8hoGqB1Hffs54&type=album', 'type': 'm', 'width': 97}, {'height': 604, 'url': 'https://sun9-25.userapi.com/impg/Mi6nQiHiTvaxp9MpiL52fT4iICkmkedGtwO8pw/zmSNKVVFDOI.jpg?size=453x604&quality=95&sign=4bf3cd3529575879a93ade9b674089e6&c_uniq_tag=ieFFtdG5AGfjbp4IXz5K4s_LQfl338umB1ZTyezsCD8&type=album', 'type': 'x', 'width': 453}, {'height': 807, 'url': 'https://sun9-25.userapi.com/impg/Mi6nQiHiTvaxp9MpiL52fT4iICkmkedGtwO8pw/zmSNKVVFDOI.jpg?size=605x807&quality=95&sign=840df7478731a68401717b1183a716c2&c_uniq_tag=eUJ1f3I2sR-KW8GAR1iEjZ7wmn-5s4KdOpColDJ7BEA&type=album', 'type': 'y', 'width': 605}, {'height': 1080, 'url': 'https://sun9-25.userapi.com/impg/Mi6nQiHiTvaxp9MpiL52fT4iICkmkedGtwO8pw/zmSNKVVFDOI.jpg?size=810x1080&quality=95&sign=0e9dbc94c17f7d3e496efbfac0fa2a85&c_uniq_tag=egKv94G8S_XV3p-JwlM-XVZJ32ne8O3s6iL9qlrOff0&type=album', 'type': 'z', 'width': 810}, {'height': 1600, 'url': 'https://sun9-25.userapi.com/impg/Mi6nQiHiTvaxp9MpiL52fT4iICkmkedGtwO8pw/zmSNKVVFDOI.jpg?size=1200x1600&quality=95&sign=1cd35af206681c9ca69349bb3e4033a9&c_uniq_tag=cNldtYeUS5_-UQ9X1nY6ESmgcwWJJZGdM4QBsi4RAJQ&type=album', 'type': 'w', 'width': 1200}, {'height': 173, 'url': 'https://sun9-25.userapi.com/impg/Mi6nQiHiTvaxp9MpiL52fT4iICkmkedGtwO8pw/zmSNKVVFDOI.jpg?size=130x173&quality=95&sign=78db7003752fff05d80f5a99b684a23e&c_uniq_tag=ZrqfNl4-snCuT8x7_tcFAMcqM5KwKi5L8-Hag8ZjQe4&type=album', 'type': 'o', 'width': 130}, {'height': 267, 'url': 'https://sun9-25.userapi.com/impg/Mi6nQiHiTvaxp9MpiL52fT4iICkmkedGtwO8pw/zmSNKVVFDOI.jpg?size=200x267&quality=95&sign=e6d0f8fdbb2157cf1d490e6e99148b13&c_uniq_tag=rJO0827AIa7miut100Be2hD3Vy8K68IBg6unWyxqlGE&type=album', 'type': 'p', 'width': 200}, {'height': 427, 'url': 'https://sun9-25.userapi.com/impg/Mi6nQiHiTvaxp9MpiL52fT4iICkmkedGtwO8pw/zmSNKVVFDOI.jpg?size=320x427&quality=95&sign=156736702be2c403858dcc1abb293533&c_uniq_tag=WW1TCHRfALsRYRKSry_aMhqnQub_cwf1onhutPpn9tU&type=album', 'type': 'q', 'width': 320}, {'height': 680, 'url': 'https://sun9-25.userapi.com/impg/Mi6nQiHiTvaxp9MpiL52fT4iICkmkedGtwO8pw/zmSNKVVFDOI.jpg?size=510x680&quality=95&sign=c255f1efd12e32ed2f7608e662554991&c_uniq_tag=eMFAJqPweyRUtNYKXawTkQWxE-e1fuIBplxmdzam69o&type=album', 'type': 'r', 'width': 510}]",,
-7,1657474310,False,457246771,244031196,1627,"[{'height': 75, 'url': 'https://sun9-78.userapi.com/impg/2USVQ8B3gmBlmo836U5KIVBEuaEYcZRhH0JYcA/HT1ZlyCei6Y.jpg?size=60x75&quality=95&sign=140401c428c7da260806fe6f98bcbc06&c_uniq_tag=FqtjePqbNM_9PEYVBzBtlaPdimmFrCpumuULWLQuqxI&type=album', 'type': 's', 'width': 60}, {'height': 130, 'url': 'https://sun9-78.userapi.com/impg/2USVQ8B3gmBlmo836U5KIVBEuaEYcZRhH0JYcA/HT1ZlyCei6Y.jpg?size=104x130&quality=95&sign=136e05764ae5f4a2eb548b870c5048ef&c_uniq_tag=yABGkDgS41LpIuqhBWI1pSlgUcVRbVeqGje9WEpN3XM&type=album', 'type': 'm', 'width': 104}, {'height': 604, 'url': 'https://sun9-78.userapi.com/impg/2USVQ8B3gmBlmo836U5KIVBEuaEYcZRhH0JYcA/HT1ZlyCei6Y.jpg?size=482x604&quality=95&sign=c2d3d03e8fb0a02ff3c26d20447f05c7&c_uniq_tag=hifcyZS5tWBaxdGfGJ6NuCMEgQrM5QycqI1COy4Ol1M&type=album', 'type': 'x', 'width': 482}, {'height': 807, 'url': 'https://sun9-78.userapi.com/impg/2USVQ8B3gmBlmo836U5KIVBEuaEYcZRhH0JYcA/HT1ZlyCei6Y.jpg?size=644x807&quality=95&sign=41884913ded817b5635977c0da93ae9a&c_uniq_tag=v5koeeuvI9bjt1-x9bdS-h1wO1dvkewL_fMFy8VfVEg&type=album', 'type': 'y', 'width': 644}, {'height': 1080, 'url': 'https://sun9-78.userapi.com/impg/2USVQ8B3gmBlmo836U5KIVBEuaEYcZRhH0JYcA/HT1ZlyCei6Y.jpg?size=862x1080&quality=95&sign=c710d024ae5635b6b40cb5a6a6f6c5a6&c_uniq_tag=P3OP-3R6WR4HQBUmLQk58j54p7g7ToTvELpJZFfGtQQ&type=album', 'type': 'z', 'width': 862}, {'height': 1504, 'url': 'https://sun9-78.userapi.com/impg/2USVQ8B3gmBlmo836U5KIVBEuaEYcZRhH0JYcA/HT1ZlyCei6Y.jpg?size=1200x1504&quality=95&sign=3b1956512fe9ce9f8180ec19297f6cdf&c_uniq_tag=EwFPwdaYm0NzNve_s0vfk3PM4DRnEpgi3HKsISdy-EQ&type=album', 'type': 'w', 'width': 1200}, {'height': 163, 'url': 'https://sun9-78.userapi.com/impg/2USVQ8B3gmBlmo836U5KIVBEuaEYcZRhH0JYcA/HT1ZlyCei6Y.jpg?size=130x163&quality=95&sign=70364bffa0c291d0194ec0b8980cb283&c_uniq_tag=uOGEXjcFe8LfGP-0_eEew4-lesFZ6Ru-ABvWTBv-Eoc&type=album', 'type': 'o', 'width': 130}, {'height': 251, 'url': 'https://sun9-78.userapi.com/impg/2USVQ8B3gmBlmo836U5KIVBEuaEYcZRhH0JYcA/HT1ZlyCei6Y.jpg?size=200x251&quality=95&sign=721c64b31ef411cc394ecdbd0f0c9c0c&c_uniq_tag=3wkdOl_Rp0SNwwOCRDlM7Zjn8abjGl7wjw4us9RyfuE&type=album', 'type': 'p', 'width': 200}, {'height': 401, 'url': 'https://sun9-78.userapi.com/impg/2USVQ8B3gmBlmo836U5KIVBEuaEYcZRhH0JYcA/HT1ZlyCei6Y.jpg?size=320x401&quality=95&sign=263f2aaaf78797fffe9990ae4d38df44&c_uniq_tag=ekpp5p_5Jx7MbsuGC5_mnU9KOClJgZvN7whSgPF4rGg&type=album', 'type': 'q', 'width': 320}, {'height': 639, 'url': 'https://sun9-78.userapi.com/impg/2USVQ8B3gmBlmo836U5KIVBEuaEYcZRhH0JYcA/HT1ZlyCei6Y.jpg?size=510x639&quality=95&sign=8cb7c81c7fbaf3dbbcaeecf4179db4a0&c_uniq_tag=Wm3T3Rl7XwomnTy7RDEMGtbimSTbRLZTs28ayj7570w&type=album', 'type': 'r', 'width': 510}]",,
